<Module>
    <Name value="BannerLib"/>
    <Id value="BannerLib"/>
    <Version value="v1.0.0"/>
    <SingleplayerModule value="true"/>
    <MultiplayerModule value="false"/>
    <DependedModules>
        <DependedModule Id="Native"/>
        <DependedModule Id="SandBoxCore"/>
        <DependedModule Id="Sandbox"/>
    </DependedModules>
    <SubModules>
        <SubModule>
            <Name value="BannerLib.Input"/>
            <DLLName value="BannerLib.Input.dll"/>
            <SubModuleClassType value="BannerLib.Input.InputSubModule"/>
            <Tags>
                <Tag key="DedicatedServerType" value="none"/>
                <Tag key="IsNoRenderModeElement" value="false"/>
            </Tags>
        </SubModule>
    </SubModules>
</Module>