<?xml version="1.0" encoding="utf-8"?>
<Module>
    <Name value="StopDeletingMyPatrolParties"/>
    <Id value="StopDeletingMyPatrolParties"/>
    <Version value="v1.2.1"/>
    <SingleplayerModule value="true"/>
    <MultiplayerModule value="false"/>
	<Official value="false"/>
    <DependedModules>
        <DependedModule Id="Native"/>
        <DependedModule Id="SandBoxCore"/>
        <DependedModule Id="Sandbox"/>
        <DependedModule Id="StoryMode"/>
        <DependedModule Id="Bannerlord.Harmony"/>
        <DependedModule Id="PartyAIOverhaulCommands"/>
    </DependedModules>

    <SubModules>
        <SubModule>
            <Name value="StopDeletingMyPatrolParties"/>
            <DLLName value="StopDeletingMyPatrolParties.dll"/>
            <SubModuleClassType value="StopDeletingMyPatrolParties.MySubModule"/>
            <Tags>
                <Tag key="DedicatedServerType" value="none"/>
				<Tag key="IsNoRenderModeElement" value="false"/>
            </Tags>
        </SubModule>
    </SubModules>
</Module>