<?xml version="1.0" encoding="utf-8"?>
<Module>
    <Name value="PlayerExecuteEdit"/>
    <Id value="PlayerExecuteEdit"/>
    <Version value="v1.6.2"/>
    <SingleplayerModule value="true"/>
    <MultiplayerModule value="false"/>
	<Official value="false"/>
    <DependedModules>
        <DependedModule Id="Native"/>
        <DependedModule Id="SandBoxCore"/>
        <DependedModule Id="Sandbox"/>
        <DependedModule Id="StoryMode"/>
        <DependedModule Id="Bannerlord.Harmony"/>
        <DependedModule Id="Bannerlord.MBOptionScreen"/>
    </DependedModules>

    <SubModules>
        <SubModule>
            <Name value="PlayerExecuteEdit"/>
            <DLLName value="PlayerExecuteEdit.dll"/>
            <SubModuleClassType value="PlayerExecuteEdit.MySubModule"/>
            <Tags>
                <Tag key="DedicatedServerType" value="none"/>
				<Tag key="IsNoRenderModeElement" value="false"/>
            </Tags>
        </SubModule>
    </SubModules>
</Module>